billing_id,room_id,period,total_kwh,total_amount_idr,status,generated_at
BILL-2020-01-R-101,R-101,2020-01,296.5349,428404,generated,2020-01-31T00:00:00Z
BILL-2020-02-R-101,R-101,2020-02,284.6689,411261,generated,2020-02-29T00:00:00Z
BILL-2020-03-R-101,R-101,2020-03,257.2077,371588,generated,2020-03-31T00:00:00Z
BILL-2020-04-R-101,R-101,2020-04,242.8671,350870,generated,2020-04-30T00:00:00Z
BILL-2020-05-R-101,R-101,2020-05,252.5209,364817,generated,2020-05-31T00:00:00Z
BILL-2020-06-R-101,R-101,2020-06,304.5158,439934,generated,2020-06-30T00:00:00Z
BILL-2020-07-R-101,R-101,2020-07,314.2030,453929,generated,2020-07-31T00:00:00Z
BILL-2020-08-R-101,R-101,2020-08,313.6723,453162,generated,2020-08-31T00:00:00Z
BILL-2020-09-R-101,R-101,2020-09,306.4708,442758,generated,2020-09-30T00:00:00Z
BILL-2020-10-R-101,R-101,2020-10,254.2216,367274,generated,2020-10-31T00:00:00Z
BILL-2020-11-R-101,R-101,2020-11,240.4781,347419,generated,2020-11-30T00:00:00Z
BILL-2020-12-R-101,R-101,2020-12,302.5633,437113,generated,2020-12-31T00:00:00Z
BILL-2021-01-R-101,R-101,2021-01,310.5856,448703,generated,2021-01-31T00:00:00Z
BILL-2021-02-R-101,R-101,2021-02,272.7837,394091,generated,2021-02-28T00:00:00Z
BILL-2021-03-R-101,R-101,2021-03,244.7914,353650,generated,2021-03-31T00:00:00Z
BILL-2021-04-R-101,R-101,2021-04,238.0152,343861,generated,2021-04-30T00:00:00Z
BILL-2021-05-R-101,R-101,2021-05,246.7239,356442,generated,2021-05-31T00:00:00Z
BILL-2021-06-R-101,R-101,2021-06,303.8778,439012,generated,2021-06-30T00:00:00Z
BILL-2021-07-R-101,R-101,2021-07,312.8753,452011,generated,2021-07-31T00:00:00Z
BILL-2021-08-R-101,R-101,2021-08,313.8222,453379,generated,2021-08-31T00:00:00Z
BILL-2021-09-R-101,R-101,2021-09,303.7369,438809,generated,2021-09-30T00:00:00Z
BILL-2021-10-R-101,R-101,2021-10,248.9587,359671,generated,2021-10-31T00:00:00Z
BILL-2021-11-R-101,R-101,2021-11,245.9137,355272,generated,2021-11-30T00:00:00Z
BILL-2021-12-R-101,R-101,2021-12,301.9719,436259,generated,2021-12-31T00:00:00Z
BILL-2022-01-R-101,R-101,2022-01,296.3413,428124,generated,2022-01-31T00:00:00Z
BILL-2022-02-R-101,R-101,2022-02,274.6313,396760,generated,2022-02-28T00:00:00Z
BILL-2022-03-R-101,R-101,2022-03,248.5817,359126,generated,2022-03-31T00:00:00Z
BILL-2022-04-R-101,R-101,2022-04,243.6011,351931,generated,2022-04-30T00:00:00Z
BILL-2022-05-R-101,R-101,2022-05,257.6381,372210,generated,2022-05-31T00:00:00Z
BILL-2022-06-R-101,R-101,2022-06,300.8654,434660,generated,2022-06-30T00:00:00Z
BILL-2022-07-R-101,R-101,2022-07,318.2577,459787,generated,2022-07-31T00:00:00Z
BILL-2022-08-R-101,R-101,2022-08,320.0825,462423,generated,2022-08-31T00:00:00Z
BILL-2022-09-R-101,R-101,2022-09,305.3879,441194,generated,2022-09-30T00:00:00Z
BILL-2022-10-R-101,R-101,2022-10,253.9013,366811,generated,2022-10-31T00:00:00Z
BILL-2022-11-R-101,R-101,2022-11,244.7415,353578,generated,2022-11-30T00:00:00Z
BILL-2022-12-R-101,R-101,2022-12,300.5477,434201,generated,2022-12-31T00:00:00Z
BILL-2023-01-R-101,R-101,2023-01,306.6233,442979,generated,2023-01-31T00:00:00Z
BILL-2023-02-R-101,R-101,2023-02,271.9228,392847,generated,2023-02-28T00:00:00Z
BILL-2023-03-R-101,R-101,2023-03,250.4703,361854,generated,2023-03-31T00:00:00Z
BILL-2023-04-R-101,R-101,2023-04,244.4365,353137,generated,2023-04-30T00:00:00Z
BILL-2023-05-R-101,R-101,2023-05,252.8085,365232,generated,2023-05-31T00:00:00Z
BILL-2023-06-R-101,R-101,2023-06,306.1629,442314,generated,2023-06-30T00:00:00Z
BILL-2023-07-R-101,R-101,2023-07,319.2206,461178,generated,2023-07-31T00:00:00Z
BILL-2023-08-R-101,R-101,2023-08,315.3009,455515,generated,2023-08-31T00:00:00Z
BILL-2023-09-R-101,R-101,2023-09,309.7174,447449,generated,2023-09-30T00:00:00Z
BILL-2023-10-R-101,R-101,2023-10,245.0768,354062,generated,2023-10-31T00:00:00Z
BILL-2023-11-R-101,R-101,2023-11,245.1181,354122,generated,2023-11-30T00:00:00Z
BILL-2023-12-R-101,R-101,2023-12,309.6527,447355,generated,2023-12-31T00:00:00Z
BILL-2024-01-R-101,R-101,2024-01,300.0890,433539,generated,2024-01-31T00:00:00Z
BILL-2024-02-R-101,R-101,2024-02,282.7633,408508,generated,2024-02-29T00:00:00Z
BILL-2024-03-R-101,R-101,2024-03,255.4528,369053,generated,2024-03-31T00:00:00Z
BILL-2024-04-R-101,R-101,2024-04,241.8381,349384,generated,2024-04-30T00:00:00Z
BILL-2024-05-R-101,R-101,2024-05,252.2737,364460,generated,2024-05-31T00:00:00Z
BILL-2024-06-R-101,R-101,2024-06,301.5839,435698,generated,2024-06-30T00:00:00Z
BILL-2024-07-R-101,R-101,2024-07,315.2422,455430,generated,2024-07-31T00:00:00Z
BILL-2024-08-R-101,R-101,2024-08,315.3301,455557,generated,2024-08-31T00:00:00Z
BILL-2024-09-R-101,R-101,2024-09,302.6455,437232,generated,2024-09-30T00:00:00Z
BILL-2024-10-R-101,R-101,2024-10,247.6500,357780,generated,2024-10-31T00:00:00Z
BILL-2024-11-R-101,R-101,2024-11,252.3796,364613,generated,2024-11-30T00:00:00Z
BILL-2024-12-R-101,R-101,2024-12,306.3170,442536,generated,2024-12-31T00:00:00Z
BILL-2025-01-R-101,R-101,2025-01,297.9669,430473,generated,2025-01-31T00:00:00Z
BILL-2025-02-R-101,R-101,2025-02,271.8799,392785,generated,2025-02-28T00:00:00Z
BILL-2025-03-R-101,R-101,2025-03,249.3670,360261,generated,2025-03-31T00:00:00Z
BILL-2025-04-R-101,R-101,2025-04,244.5975,353370,generated,2025-04-30T00:00:00Z
BILL-2025-05-R-101,R-101,2025-05,254.4568,367614,generated,2025-05-31T00:00:00Z
BILL-2025-06-R-101,R-101,2025-06,304.1464,439400,generated,2025-06-30T00:00:00Z
BILL-2025-07-R-101,R-101,2025-07,306.7728,443195,generated,2025-07-31T00:00:00Z
BILL-2025-08-R-101,R-101,2025-08,310.2226,448179,generated,2025-08-31T00:00:00Z
BILL-2025-09-R-101,R-101,2025-09,308.0370,445021,generated,2025-09-30T00:00:00Z
BILL-2025-10-R-101,R-101,2025-10,247.2646,357223,generated,2025-10-31T00:00:00Z
BILL-2025-11-R-101,R-101,2025-11,246.1719,355645,generated,2025-11-30T00:00:00Z
BILL-2025-12-R-101,R-101,2025-12,296.8144,428808,generated,2025-12-31T00:00:00Z
BILL-2026-01-R-101,R-101,2026-01,307.4471,444169,generated,2026-01-31T00:00:00Z
BILL-2026-02-R-101,R-101,2026-02,276.6754,399713,generated,2026-02-28T00:00:00Z
BILL-2026-03-R-101,R-101,2026-03,253.5319,366278,generated,2026-03-31T00:00:00Z
BILL-2026-04-R-101,R-101,2026-04,240.2797,347132,generated,2026-04-30T00:00:00Z
BILL-2026-05-R-101,R-101,2026-05,29.4073,42485,generated,2026-05-31T00:00:00Z
BILL-2020-01-R-102,R-102,2020-01,271.0845,391636,generated,2020-01-31T00:00:00Z
BILL-2020-02-R-102,R-102,2020-02,259.5548,374979,generated,2020-02-29T00:00:00Z
BILL-2020-03-R-102,R-102,2020-03,224.2038,323907,generated,2020-03-31T00:00:00Z
BILL-2020-04-R-102,R-102,2020-04,216.6284,312963,generated,2020-04-30T00:00:00Z
BILL-2020-05-R-102,R-102,2020-05,226.4953,327218,generated,2020-05-31T00:00:00Z
BILL-2020-06-R-102,R-102,2020-06,271.5010,392237,generated,2020-06-30T00:00:00Z
BILL-2020-07-R-102,R-102,2020-07,280.9126,405834,generated,2020-07-31T00:00:00Z
BILL-2020-08-R-102,R-102,2020-08,292.4245,422466,generated,2020-08-31T00:00:00Z
BILL-2020-09-R-102,R-102,2020-09,276.1292,398924,generated,2020-09-30T00:00:00Z
BILL-2020-10-R-102,R-102,2020-10,228.4329,330017,generated,2020-10-31T00:00:00Z
BILL-2020-11-R-102,R-102,2020-11,215.6517,311552,generated,2020-11-30T00:00:00Z
BILL-2020-12-R-102,R-102,2020-12,275.2572,397664,generated,2020-12-31T00:00:00Z
BILL-2021-01-R-102,R-102,2021-01,278.3778,402172,generated,2021-01-31T00:00:00Z
BILL-2021-02-R-102,R-102,2021-02,248.7259,359334,generated,2021-02-28T00:00:00Z
BILL-2021-03-R-102,R-102,2021-03,224.1398,323815,generated,2021-03-31T00:00:00Z
BILL-2021-04-R-102,R-102,2021-04,216.1302,312243,generated,2021-04-30T00:00:00Z
BILL-2021-05-R-102,R-102,2021-05,228.6608,330346,generated,2021-05-31T00:00:00Z
BILL-2021-06-R-102,R-102,2021-06,273.8454,395624,generated,2021-06-30T00:00:00Z
BILL-2021-07-R-102,R-102,2021-07,282.6373,408326,generated,2021-07-31T00:00:00Z
BILL-2021-08-R-102,R-102,2021-08,285.8594,412981,generated,2021-08-31T00:00:00Z
BILL-2021-09-R-102,R-102,2021-09,275.1652,397531,generated,2021-09-30T00:00:00Z
BILL-2021-10-R-102,R-102,2021-10,233.7105,337642,generated,2021-10-31T00:00:00Z
BILL-2021-11-R-102,R-102,2021-11,218.6402,315869,generated,2021-11-30T00:00:00Z
BILL-2021-12-R-102,R-102,2021-12,275.0018,397295,generated,2021-12-31T00:00:00Z
BILL-2022-01-R-102,R-102,2022-01,280.8524,405747,generated,2022-01-31T00:00:00Z
BILL-2022-02-R-102,R-102,2022-02,250.0703,361277,generated,2022-02-28T00:00:00Z
BILL-2022-03-R-102,R-102,2022-03,225.2378,325401,generated,2022-03-31T00:00:00Z
BILL-2022-04-R-102,R-102,2022-04,220.8482,319059,generated,2022-04-30T00:00:00Z
BILL-2022-05-R-102,R-102,2022-05,221.9768,320690,generated,2022-05-31T00:00:00Z
BILL-2022-06-R-102,R-102,2022-06,281.4900,406669,generated,2022-06-30T00:00:00Z
BILL-2022-07-R-102,R-102,2022-07,289.2686,417906,generated,2022-07-31T00:00:00Z
BILL-2022-08-R-102,R-102,2022-08,283.1115,409011,generated,2022-08-31T00:00:00Z
BILL-2022-09-R-102,R-102,2022-09,279.6479,404007,generated,2022-09-30T00:00:00Z
BILL-2022-10-R-102,R-102,2022-10,229.9815,332254,generated,2022-10-31T00:00:00Z
BILL-2022-11-R-102,R-102,2022-11,219.9986,317832,generated,2022-11-30T00:00:00Z
BILL-2022-12-R-102,R-102,2022-12,275.4696,397971,generated,2022-12-31T00:00:00Z
BILL-2023-01-R-102,R-102,2023-01,277.4866,400885,generated,2023-01-31T00:00:00Z
BILL-2023-02-R-102,R-102,2023-02,246.6722,356367,generated,2023-02-28T00:00:00Z
BILL-2023-03-R-102,R-102,2023-03,226.0647,326596,generated,2023-03-31T00:00:00Z
BILL-2023-04-R-102,R-102,2023-04,213.5585,308528,generated,2023-04-30T00:00:00Z
BILL-2023-05-R-102,R-102,2023-05,222.6174,321615,generated,2023-05-31T00:00:00Z
BILL-2023-06-R-102,R-102,2023-06,273.5630,395216,generated,2023-06-30T00:00:00Z
BILL-2023-07-R-102,R-102,2023-07,289.0270,417557,generated,2023-07-31T00:00:00Z
BILL-2023-08-R-102,R-102,2023-08,283.8038,410011,generated,2023-08-31T00:00:00Z
BILL-2023-09-R-102,R-102,2023-09,278.8040,402788,generated,2023-09-30T00:00:00Z
BILL-2023-10-R-102,R-102,2023-10,230.0447,332346,generated,2023-10-31T00:00:00Z
BILL-2023-11-R-102,R-102,2023-11,228.6704,330360,generated,2023-11-30T00:00:00Z
BILL-2023-12-R-102,R-102,2023-12,274.4016,396428,generated,2023-12-31T00:00:00Z
BILL-2024-01-R-102,R-102,2024-01,272.7857,394094,generated,2024-01-31T00:00:00Z
BILL-2024-02-R-102,R-102,2024-02,253.2751,365907,generated,2024-02-29T00:00:00Z
BILL-2024-03-R-102,R-102,2024-03,224.4829,324310,generated,2024-03-31T00:00:00Z
BILL-2024-04-R-102,R-102,2024-04,221.0110,319295,generated,2024-04-30T00:00:00Z
BILL-2024-05-R-102,R-102,2024-05,228.1374,329590,generated,2024-05-31T00:00:00Z
BILL-2024-06-R-102,R-102,2024-06,279.3364,403557,generated,2024-06-30T00:00:00Z
BILL-2024-07-R-102,R-102,2024-07,283.6346,409767,generated,2024-07-31T00:00:00Z
BILL-2024-08-R-102,R-102,2024-08,287.5550,415431,generated,2024-08-31T00:00:00Z
BILL-2024-09-R-102,R-102,2024-09,277.6814,401166,generated,2024-09-30T00:00:00Z
BILL-2024-10-R-102,R-102,2024-10,224.9017,324915,generated,2024-10-31T00:00:00Z
BILL-2024-11-R-102,R-102,2024-11,221.7489,320361,generated,2024-11-30T00:00:00Z
BILL-2024-12-R-102,R-102,2024-12,274.5044,396577,generated,2024-12-31T00:00:00Z
BILL-2025-01-R-102,R-102,2025-01,272.8749,394222,generated,2025-01-31T00:00:00Z
BILL-2025-02-R-102,R-102,2025-02,254.6416,367881,generated,2025-02-28T00:00:00Z
BILL-2025-03-R-102,R-102,2025-03,234.0518,338135,generated,2025-03-31T00:00:00Z
BILL-2025-04-R-102,R-102,2025-04,216.5016,312780,generated,2025-04-30T00:00:00Z
BILL-2025-05-R-102,R-102,2025-05,222.2792,321127,generated,2025-05-31T00:00:00Z
BILL-2025-06-R-102,R-102,2025-06,278.5580,402433,generated,2025-06-30T00:00:00Z
BILL-2025-07-R-102,R-102,2025-07,285.1136,411904,generated,2025-07-31T00:00:00Z
BILL-2025-08-R-102,R-102,2025-08,289.2910,417939,generated,2025-08-31T00:00:00Z
BILL-2025-09-R-102,R-102,2025-09,276.6673,399701,generated,2025-09-30T00:00:00Z
BILL-2025-10-R-102,R-102,2025-10,221.0557,319359,generated,2025-10-31T00:00:00Z
BILL-2025-11-R-102,R-102,2025-11,220.6495,318772,generated,2025-11-30T00:00:00Z
BILL-2025-12-R-102,R-102,2025-12,273.7534,395492,generated,2025-12-31T00:00:00Z
BILL-2026-01-R-102,R-102,2026-01,271.8292,392712,generated,2026-01-31T00:00:00Z
BILL-2026-02-R-102,R-102,2026-02,252.3780,364610,generated,2026-02-28T00:00:00Z
BILL-2026-03-R-102,R-102,2026-03,221.5827,320121,generated,2026-03-31T00:00:00Z
BILL-2026-04-R-102,R-102,2026-04,224.5429,324397,generated,2026-04-30T00:00:00Z
BILL-2026-05-R-102,R-102,2026-05,28.0786,40565,generated,2026-05-31T00:00:00Z
BILL-2020-01-R-103,R-103,2020-01,439.5904,635076,generated,2020-01-31T00:00:00Z
BILL-2020-02-R-103,R-103,2020-02,409.8527,592114,generated,2020-02-29T00:00:00Z
BILL-2020-03-R-103,R-103,2020-03,361.0286,521578,generated,2020-03-31T00:00:00Z
BILL-2020-04-R-103,R-103,2020-04,339.4035,490336,generated,2020-04-30T00:00:00Z
BILL-2020-05-R-103,R-103,2020-05,354.1414,511628,generated,2020-05-31T00:00:00Z
BILL-2020-06-R-103,R-103,2020-06,434.6684,627965,generated,2020-06-30T00:00:00Z
BILL-2020-07-R-103,R-103,2020-07,453.6950,655453,generated,2020-07-31T00:00:00Z
BILL-2020-08-R-103,R-103,2020-08,457.1447,660437,generated,2020-08-31T00:00:00Z
BILL-2020-09-R-103,R-103,2020-09,433.7751,626675,generated,2020-09-30T00:00:00Z
BILL-2020-10-R-103,R-103,2020-10,364.1574,526098,generated,2020-10-31T00:00:00Z
BILL-2020-11-R-103,R-103,2020-11,344.1042,497127,generated,2020-11-30T00:00:00Z
BILL-2020-12-R-103,R-103,2020-12,438.9223,634111,generated,2020-12-31T00:00:00Z
BILL-2021-01-R-103,R-103,2021-01,432.4795,624803,generated,2021-01-31T00:00:00Z
BILL-2021-02-R-103,R-103,2021-02,384.3195,555226,generated,2021-02-28T00:00:00Z
BILL-2021-03-R-103,R-103,2021-03,367.3229,530671,generated,2021-03-31T00:00:00Z
BILL-2021-04-R-103,R-103,2021-04,341.8858,493922,generated,2021-04-30T00:00:00Z
BILL-2021-05-R-103,R-103,2021-05,354.5491,512217,generated,2021-05-31T00:00:00Z
BILL-2021-06-R-103,R-103,2021-06,443.3965,640575,generated,2021-06-30T00:00:00Z
BILL-2021-07-R-103,R-103,2021-07,452.5236,653761,generated,2021-07-31T00:00:00Z
BILL-2021-08-R-103,R-103,2021-08,452.8316,654206,generated,2021-08-31T00:00:00Z
BILL-2021-09-R-103,R-103,2021-09,427.8372,618096,generated,2021-09-30T00:00:00Z
BILL-2021-10-R-103,R-103,2021-10,362.6636,523940,generated,2021-10-31T00:00:00Z
BILL-2021-11-R-103,R-103,2021-11,352.4973,509253,generated,2021-11-30T00:00:00Z
BILL-2021-12-R-103,R-103,2021-12,433.2110,625860,generated,2021-12-31T00:00:00Z
BILL-2022-01-R-103,R-103,2022-01,440.0257,635705,generated,2022-01-31T00:00:00Z
BILL-2022-02-R-103,R-103,2022-02,380.9993,550430,generated,2022-02-28T00:00:00Z
BILL-2022-03-R-103,R-103,2022-03,355.6177,513761,generated,2022-03-31T00:00:00Z
BILL-2022-04-R-103,R-103,2022-04,341.0624,492733,generated,2022-04-30T00:00:00Z
BILL-2022-05-R-103,R-103,2022-05,353.0709,510082,generated,2022-05-31T00:00:00Z
BILL-2022-06-R-103,R-103,2022-06,446.7934,645482,generated,2022-06-30T00:00:00Z
BILL-2022-07-R-103,R-103,2022-07,459.2648,663500,generated,2022-07-31T00:00:00Z
BILL-2022-08-R-103,R-103,2022-08,456.2122,659090,generated,2022-08-31T00:00:00Z
BILL-2022-09-R-103,R-103,2022-09,426.3744,615983,generated,2022-09-30T00:00:00Z
BILL-2022-10-R-103,R-103,2022-10,358.9182,518529,generated,2022-10-31T00:00:00Z
BILL-2022-11-R-103,R-103,2022-11,350.3636,506170,generated,2022-11-30T00:00:00Z
BILL-2022-12-R-103,R-103,2022-12,437.4240,631946,generated,2022-12-31T00:00:00Z
BILL-2023-01-R-103,R-103,2023-01,441.1784,637370,generated,2023-01-31T00:00:00Z
BILL-2023-02-R-103,R-103,2023-02,387.1285,559285,generated,2023-02-28T00:00:00Z
BILL-2023-03-R-103,R-103,2023-03,362.1126,523144,generated,2023-03-31T00:00:00Z
BILL-2023-04-R-103,R-103,2023-04,344.6435,497906,generated,2023-04-30T00:00:00Z
BILL-2023-05-R-103,R-103,2023-05,345.7858,499557,generated,2023-05-31T00:00:00Z
BILL-2023-06-R-103,R-103,2023-06,434.4071,627588,generated,2023-06-30T00:00:00Z
BILL-2023-07-R-103,R-103,2023-07,452.6905,654002,generated,2023-07-31T00:00:00Z
BILL-2023-08-R-103,R-103,2023-08,451.5478,652351,generated,2023-08-31T00:00:00Z
BILL-2023-09-R-103,R-103,2023-09,433.4695,626233,generated,2023-09-30T00:00:00Z
BILL-2023-10-R-103,R-103,2023-10,363.3840,524981,generated,2023-10-31T00:00:00Z
BILL-2023-11-R-103,R-103,2023-11,350.4612,506311,generated,2023-11-30T00:00:00Z
BILL-2023-12-R-103,R-103,2023-12,441.5512,637909,generated,2023-12-31T00:00:00Z
BILL-2024-01-R-103,R-103,2024-01,433.0537,625633,generated,2024-01-31T00:00:00Z
BILL-2024-02-R-103,R-103,2024-02,402.2688,581158,generated,2024-02-29T00:00:00Z
BILL-2024-03-R-103,R-103,2024-03,356.4134,514910,generated,2024-03-31T00:00:00Z
BILL-2024-04-R-103,R-103,2024-04,341.9636,494035,generated,2024-04-30T00:00:00Z
BILL-2024-05-R-103,R-103,2024-05,350.5065,506377,generated,2024-05-31T00:00:00Z
BILL-2024-06-R-103,R-103,2024-06,430.3793,621769,generated,2024-06-30T00:00:00Z
BILL-2024-07-R-103,R-103,2024-07,459.6368,664037,generated,2024-07-31T00:00:00Z
BILL-2024-08-R-103,R-103,2024-08,453.6880,655443,generated,2024-08-31T00:00:00Z
BILL-2024-09-R-103,R-103,2024-09,446.4231,644947,generated,2024-09-30T00:00:00Z
BILL-2024-10-R-103,R-103,2024-10,362.1159,523149,generated,2024-10-31T00:00:00Z
BILL-2024-11-R-103,R-103,2024-11,343.1841,495798,generated,2024-11-30T00:00:00Z
BILL-2024-12-R-103,R-103,2024-12,435.6673,629409,generated,2024-12-31T00:00:00Z
BILL-2025-01-R-103,R-103,2025-01,426.0216,615473,generated,2025-01-31T00:00:00Z
BILL-2025-02-R-103,R-103,2025-02,382.0098,551890,generated,2025-02-28T00:00:00Z
BILL-2025-03-R-103,R-103,2025-03,362.7830,524113,generated,2025-03-31T00:00:00Z
BILL-2025-04-R-103,R-103,2025-04,340.6178,492091,generated,2025-04-30T00:00:00Z
BILL-2025-05-R-103,R-103,2025-05,355.7333,513928,generated,2025-05-31T00:00:00Z
BILL-2025-06-R-103,R-103,2025-06,435.3683,628977,generated,2025-06-30T00:00:00Z
BILL-2025-07-R-103,R-103,2025-07,467.7517,675761,generated,2025-07-31T00:00:00Z
BILL-2025-08-R-103,R-103,2025-08,458.7715,662787,generated,2025-08-31T00:00:00Z
BILL-2025-09-R-103,R-103,2025-09,437.2395,631680,generated,2025-09-30T00:00:00Z
BILL-2025-10-R-103,R-103,2025-10,349.9474,505569,generated,2025-10-31T00:00:00Z
BILL-2025-11-R-103,R-103,2025-11,346.1593,500096,generated,2025-11-30T00:00:00Z
BILL-2025-12-R-103,R-103,2025-12,425.4308,614620,generated,2025-12-31T00:00:00Z
BILL-2026-01-R-103,R-103,2026-01,440.1919,635945,generated,2026-01-31T00:00:00Z
BILL-2026-02-R-103,R-103,2026-02,389.6151,562877,generated,2026-02-28T00:00:00Z
BILL-2026-03-R-103,R-103,2026-03,353.5535,510779,generated,2026-03-31T00:00:00Z
BILL-2026-04-R-103,R-103,2026-04,351.6793,508071,generated,2026-04-30T00:00:00Z
BILL-2026-05-R-103,R-103,2026-05,41.0671,59330,generated,2026-05-31T00:00:00Z
BILL-2020-01-R-104,R-104,2020-01,256.0183,369870,generated,2020-01-31T00:00:00Z
BILL-2020-02-R-104,R-104,2020-02,239.9589,346669,generated,2020-02-29T00:00:00Z
BILL-2020-03-R-104,R-104,2020-03,207.4454,299696,generated,2020-03-31T00:00:00Z
BILL-2020-04-R-104,R-104,2020-04,201.0534,290462,generated,2020-04-30T00:00:00Z
BILL-2020-05-R-104,R-104,2020-05,210.1253,303568,generated,2020-05-31T00:00:00Z
BILL-2020-06-R-104,R-104,2020-06,255.6167,369289,generated,2020-06-30T00:00:00Z
BILL-2020-07-R-104,R-104,2020-07,262.8454,379733,generated,2020-07-31T00:00:00Z
BILL-2020-08-R-104,R-104,2020-08,268.9881,388607,generated,2020-08-31T00:00:00Z
BILL-2020-09-R-104,R-104,2020-09,252.5998,364931,generated,2020-09-30T00:00:00Z
BILL-2020-10-R-104,R-104,2020-10,208.7658,301604,generated,2020-10-31T00:00:00Z
BILL-2020-11-R-104,R-104,2020-11,201.7976,291537,generated,2020-11-30T00:00:00Z
BILL-2020-12-R-104,R-104,2020-12,251.3864,363178,generated,2020-12-31T00:00:00Z
BILL-2021-01-R-104,R-104,2021-01,257.4810,371983,generated,2021-01-31T00:00:00Z
BILL-2021-02-R-104,R-104,2021-02,229.5911,331690,generated,2021-02-28T00:00:00Z
BILL-2021-03-R-104,R-104,2021-03,205.1012,296310,generated,2021-03-31T00:00:00Z
BILL-2021-04-R-104,R-104,2021-04,203.0469,293342,generated,2021-04-30T00:00:00Z
BILL-2021-05-R-104,R-104,2021-05,210.0580,303471,generated,2021-05-31T00:00:00Z
BILL-2021-06-R-104,R-104,2021-06,257.7323,372346,generated,2021-06-30T00:00:00Z
BILL-2021-07-R-104,R-104,2021-07,267.6717,386705,generated,2021-07-31T00:00:00Z
BILL-2021-08-R-104,R-104,2021-08,261.1225,377244,generated,2021-08-31T00:00:00Z
BILL-2021-09-R-104,R-104,2021-09,251.2333,362957,generated,2021-09-30T00:00:00Z
BILL-2021-10-R-104,R-104,2021-10,212.0478,306345,generated,2021-10-31T00:00:00Z
BILL-2021-11-R-104,R-104,2021-11,201.8940,291676,generated,2021-11-30T00:00:00Z
BILL-2021-12-R-104,R-104,2021-12,258.6383,373655,generated,2021-12-31T00:00:00Z
BILL-2022-01-R-104,R-104,2022-01,254.5293,367718,generated,2022-01-31T00:00:00Z
BILL-2022-02-R-104,R-104,2022-02,229.7465,331915,generated,2022-02-28T00:00:00Z
BILL-2022-03-R-104,R-104,2022-03,207.8662,300304,generated,2022-03-31T00:00:00Z
BILL-2022-04-R-104,R-104,2022-04,199.6869,288488,generated,2022-04-30T00:00:00Z
BILL-2022-05-R-104,R-104,2022-05,209.7617,303043,generated,2022-05-31T00:00:00Z
BILL-2022-06-R-104,R-104,2022-06,254.7161,367988,generated,2022-06-30T00:00:00Z
BILL-2022-07-R-104,R-104,2022-07,264.5043,382129,generated,2022-07-31T00:00:00Z
BILL-2022-08-R-104,R-104,2022-08,265.2711,383237,generated,2022-08-31T00:00:00Z
BILL-2022-09-R-104,R-104,2022-09,250.8792,362445,generated,2022-09-30T00:00:00Z
BILL-2022-10-R-104,R-104,2022-10,203.9486,294645,generated,2022-10-31T00:00:00Z
BILL-2022-11-R-104,R-104,2022-11,204.2931,295142,generated,2022-11-30T00:00:00Z
BILL-2022-12-R-104,R-104,2022-12,247.6533,357785,generated,2022-12-31T00:00:00Z
BILL-2023-01-R-104,R-104,2023-01,250.9170,362500,generated,2023-01-31T00:00:00Z
BILL-2023-02-R-104,R-104,2023-02,226.2622,326881,generated,2023-02-28T00:00:00Z
BILL-2023-03-R-104,R-104,2023-03,205.8289,297361,generated,2023-03-31T00:00:00Z
BILL-2023-04-R-104,R-104,2023-04,209.1784,302200,generated,2023-04-30T00:00:00Z
BILL-2023-05-R-104,R-104,2023-05,206.7133,298639,generated,2023-05-31T00:00:00Z
BILL-2023-06-R-104,R-104,2023-06,257.1547,371511,generated,2023-06-30T00:00:00Z
BILL-2023-07-R-104,R-104,2023-07,264.3114,381851,generated,2023-07-31T00:00:00Z
BILL-2023-08-R-104,R-104,2023-08,261.5453,377854,generated,2023-08-31T00:00:00Z
BILL-2023-09-R-104,R-104,2023-09,263.4521,380609,generated,2023-09-30T00:00:00Z
BILL-2023-10-R-104,R-104,2023-10,205.9675,297561,generated,2023-10-31T00:00:00Z
BILL-2023-11-R-104,R-104,2023-11,199.1024,287643,generated,2023-11-30T00:00:00Z
BILL-2023-12-R-104,R-104,2023-12,251.9649,364014,generated,2023-12-31T00:00:00Z
BILL-2024-01-R-104,R-104,2024-01,250.0912,361307,generated,2024-01-31T00:00:00Z
BILL-2024-02-R-104,R-104,2024-02,236.1113,341110,generated,2024-02-29T00:00:00Z
BILL-2024-03-R-104,R-104,2024-03,218.2046,315240,generated,2024-03-31T00:00:00Z
BILL-2024-04-R-104,R-104,2024-04,199.5723,288322,generated,2024-04-30T00:00:00Z
BILL-2024-05-R-104,R-104,2024-05,210.4731,304070,generated,2024-05-31T00:00:00Z
BILL-2024-06-R-104,R-104,2024-06,255.7600,369496,generated,2024-06-30T00:00:00Z
BILL-2024-07-R-104,R-104,2024-07,269.4473,389271,generated,2024-07-31T00:00:00Z
BILL-2024-08-R-104,R-104,2024-08,259.5934,375035,generated,2024-08-31T00:00:00Z
BILL-2024-09-R-104,R-104,2024-09,252.7805,365192,generated,2024-09-30T00:00:00Z
BILL-2024-10-R-104,R-104,2024-10,204.1160,294886,generated,2024-10-31T00:00:00Z
BILL-2024-11-R-104,R-104,2024-11,205.0478,296233,generated,2024-11-30T00:00:00Z
BILL-2024-12-R-104,R-104,2024-12,251.4471,363266,generated,2024-12-31T00:00:00Z
BILL-2025-01-R-104,R-104,2025-01,243.7665,352169,generated,2025-01-31T00:00:00Z
BILL-2025-02-R-104,R-104,2025-02,236.4872,341653,generated,2025-02-28T00:00:00Z
BILL-2025-03-R-104,R-104,2025-03,208.5650,301314,generated,2025-03-31T00:00:00Z
BILL-2025-04-R-104,R-104,2025-04,204.3460,295219,generated,2025-04-30T00:00:00Z
BILL-2025-05-R-104,R-104,2025-05,210.2387,303732,generated,2025-05-31T00:00:00Z
BILL-2025-06-R-104,R-104,2025-06,256.9529,371220,generated,2025-06-30T00:00:00Z
BILL-2025-07-R-104,R-104,2025-07,260.2859,376035,generated,2025-07-31T00:00:00Z
BILL-2025-08-R-104,R-104,2025-08,261.9318,378413,generated,2025-08-31T00:00:00Z
BILL-2025-09-R-104,R-104,2025-09,251.4955,363336,generated,2025-09-30T00:00:00Z
BILL-2025-10-R-104,R-104,2025-10,209.8156,303121,generated,2025-10-31T00:00:00Z
BILL-2025-11-R-104,R-104,2025-11,201.8611,291629,generated,2025-11-30T00:00:00Z
BILL-2025-12-R-104,R-104,2025-12,254.0558,367034,generated,2025-12-31T00:00:00Z
BILL-2026-01-R-104,R-104,2026-01,251.2291,362951,generated,2026-01-31T00:00:00Z
BILL-2026-02-R-104,R-104,2026-02,230.1699,332526,generated,2026-02-28T00:00:00Z
BILL-2026-03-R-104,R-104,2026-03,207.7449,300129,generated,2026-03-31T00:00:00Z
BILL-2026-04-R-104,R-104,2026-04,200.2836,289350,generated,2026-04-30T00:00:00Z
BILL-2026-05-R-104,R-104,2026-05,22.9213,33114,generated,2026-05-31T00:00:00Z
BILL-2020-01-R-105,R-105,2020-01,283.9087,410163,generated,2020-01-31T00:00:00Z
BILL-2020-02-R-105,R-105,2020-02,278.4507,402278,generated,2020-02-29T00:00:00Z
BILL-2020-03-R-105,R-105,2020-03,244.8868,353788,generated,2020-03-31T00:00:00Z
BILL-2020-04-R-105,R-105,2020-04,233.2989,337047,generated,2020-04-30T00:00:00Z
BILL-2020-05-R-105,R-105,2020-05,240.4124,347324,generated,2020-05-31T00:00:00Z
BILL-2020-06-R-105,R-105,2020-06,292.5311,422620,generated,2020-06-30T00:00:00Z
BILL-2020-07-R-105,R-105,2020-07,303.0679,437842,generated,2020-07-31T00:00:00Z
BILL-2020-08-R-105,R-105,2020-08,297.1755,429329,generated,2020-08-31T00:00:00Z
BILL-2020-09-R-105,R-105,2020-09,292.3295,422328,generated,2020-09-30T00:00:00Z
BILL-2020-10-R-105,R-105,2020-10,241.1606,348405,generated,2020-10-31T00:00:00Z
BILL-2020-11-R-105,R-105,2020-11,229.9423,332198,generated,2020-11-30T00:00:00Z
BILL-2020-12-R-105,R-105,2020-12,289.7244,418565,generated,2020-12-31T00:00:00Z
BILL-2021-01-R-105,R-105,2021-01,284.5105,411032,generated,2021-01-31T00:00:00Z
BILL-2021-02-R-105,R-105,2021-02,260.3077,376067,generated,2021-02-28T00:00:00Z
BILL-2021-03-R-105,R-105,2021-03,232.6748,336145,generated,2021-03-31T00:00:00Z
BILL-2021-04-R-105,R-105,2021-04,234.6216,338958,generated,2021-04-30T00:00:00Z
BILL-2021-05-R-105,R-105,2021-05,238.0975,343979,generated,2021-05-31T00:00:00Z
BILL-2021-06-R-105,R-105,2021-06,295.5001,426909,generated,2021-06-30T00:00:00Z
BILL-2021-07-R-105,R-105,2021-07,304.5247,439947,generated,2021-07-31T00:00:00Z
BILL-2021-08-R-105,R-105,2021-08,301.5267,435616,generated,2021-08-31T00:00:00Z
BILL-2021-09-R-105,R-105,2021-09,298.7797,431647,generated,2021-09-30T00:00:00Z
BILL-2021-10-R-105,R-105,2021-10,235.0127,339523,generated,2021-10-31T00:00:00Z
BILL-2021-11-R-105,R-105,2021-11,232.5257,335930,generated,2021-11-30T00:00:00Z
BILL-2021-12-R-105,R-105,2021-12,285.8488,412966,generated,2021-12-31T00:00:00Z
BILL-2022-01-R-105,R-105,2022-01,289.7508,418603,generated,2022-01-31T00:00:00Z
BILL-2022-02-R-105,R-105,2022-02,255.7040,369416,generated,2022-02-28T00:00:00Z
BILL-2022-03-R-105,R-105,2022-03,240.3376,347216,generated,2022-03-31T00:00:00Z
BILL-2022-04-R-105,R-105,2022-04,233.7995,337770,generated,2022-04-30T00:00:00Z
BILL-2022-05-R-105,R-105,2022-05,237.5918,343249,generated,2022-05-31T00:00:00Z
BILL-2022-06-R-105,R-105,2022-06,297.3027,429513,generated,2022-06-30T00:00:00Z
BILL-2022-07-R-105,R-105,2022-07,302.3479,436802,generated,2022-07-31T00:00:00Z
BILL-2022-08-R-105,R-105,2022-08,301.3188,435315,generated,2022-08-31T00:00:00Z
BILL-2022-09-R-105,R-105,2022-09,285.6656,412701,generated,2022-09-30T00:00:00Z
BILL-2022-10-R-105,R-105,2022-10,244.5763,353339,generated,2022-10-31T00:00:00Z
BILL-2022-11-R-105,R-105,2022-11,229.2961,331264,generated,2022-11-30T00:00:00Z
BILL-2022-12-R-105,R-105,2022-12,284.6471,411230,generated,2022-12-31T00:00:00Z
BILL-2023-01-R-105,R-105,2023-01,284.0305,410339,generated,2023-01-31T00:00:00Z
BILL-2023-02-R-105,R-105,2023-02,258.2613,373110,generated,2023-02-28T00:00:00Z
BILL-2023-03-R-105,R-105,2023-03,234.9770,339471,generated,2023-03-31T00:00:00Z
BILL-2023-04-R-105,R-105,2023-04,234.4112,338654,generated,2023-04-30T00:00:00Z
BILL-2023-05-R-105,R-105,2023-05,246.0070,355406,generated,2023-05-31T00:00:00Z
BILL-2023-06-R-105,R-105,2023-06,291.0484,420478,generated,2023-06-30T00:00:00Z
BILL-2023-07-R-105,R-105,2023-07,302.6438,437229,generated,2023-07-31T00:00:00Z
BILL-2023-08-R-105,R-105,2023-08,304.7051,440207,generated,2023-08-31T00:00:00Z
BILL-2023-09-R-105,R-105,2023-09,287.4964,415346,generated,2023-09-30T00:00:00Z
BILL-2023-10-R-105,R-105,2023-10,244.0747,352615,generated,2023-10-31T00:00:00Z
BILL-2023-11-R-105,R-105,2023-11,230.6625,333238,generated,2023-11-30T00:00:00Z
BILL-2023-12-R-105,R-105,2023-12,287.6211,415526,generated,2023-12-31T00:00:00Z
BILL-2024-01-R-105,R-105,2024-01,286.7489,414266,generated,2024-01-31T00:00:00Z
BILL-2024-02-R-105,R-105,2024-02,270.1661,390309,generated,2024-02-29T00:00:00Z
BILL-2024-03-R-105,R-105,2024-03,240.9424,348089,generated,2024-03-31T00:00:00Z
BILL-2024-04-R-105,R-105,2024-04,236.0999,341094,generated,2024-04-30T00:00:00Z
BILL-2024-05-R-105,R-105,2024-05,235.4980,340224,generated,2024-05-31T00:00:00Z
BILL-2024-06-R-105,R-105,2024-06,293.4994,424019,generated,2024-06-30T00:00:00Z
BILL-2024-07-R-105,R-105,2024-07,299.1886,432238,generated,2024-07-31T00:00:00Z
BILL-2024-08-R-105,R-105,2024-08,303.3387,438233,generated,2024-08-31T00:00:00Z
BILL-2024-09-R-105,R-105,2024-09,289.4756,418205,generated,2024-09-30T00:00:00Z
BILL-2024-10-R-105,R-105,2024-10,234.2709,338451,generated,2024-10-31T00:00:00Z
BILL-2024-11-R-105,R-105,2024-11,228.0970,329532,generated,2024-11-30T00:00:00Z
BILL-2024-12-R-105,R-105,2024-12,285.2504,412101,generated,2024-12-31T00:00:00Z
BILL-2025-01-R-105,R-105,2025-01,296.4893,428338,generated,2025-01-31T00:00:00Z
BILL-2025-02-R-105,R-105,2025-02,257.9432,372651,generated,2025-02-28T00:00:00Z
BILL-2025-03-R-105,R-105,2025-03,236.8270,342144,generated,2025-03-31T00:00:00Z
BILL-2025-04-R-105,R-105,2025-04,227.7133,328977,generated,2025-04-30T00:00:00Z
BILL-2025-05-R-105,R-105,2025-05,238.8332,345042,generated,2025-05-31T00:00:00Z
BILL-2025-06-R-105,R-105,2025-06,289.3194,417980,generated,2025-06-30T00:00:00Z
BILL-2025-07-R-105,R-105,2025-07,299.1992,432253,generated,2025-07-31T00:00:00Z
BILL-2025-08-R-105,R-105,2025-08,305.1282,440819,generated,2025-08-31T00:00:00Z
BILL-2025-09-R-105,R-105,2025-09,293.7300,424352,generated,2025-09-30T00:00:00Z
BILL-2025-10-R-105,R-105,2025-10,234.8409,339275,generated,2025-10-31T00:00:00Z
BILL-2025-11-R-105,R-105,2025-11,234.3290,338535,generated,2025-11-30T00:00:00Z
BILL-2025-12-R-105,R-105,2025-12,291.1854,420676,generated,2025-12-31T00:00:00Z
BILL-2026-01-R-105,R-105,2026-01,286.5732,414012,generated,2026-01-31T00:00:00Z
BILL-2026-02-R-105,R-105,2026-02,257.7626,372390,generated,2026-02-28T00:00:00Z
BILL-2026-03-R-105,R-105,2026-03,240.4255,347343,generated,2026-03-31T00:00:00Z
BILL-2026-04-R-105,R-105,2026-04,227.3687,328480,generated,2026-04-30T00:00:00Z
BILL-2026-05-R-105,R-105,2026-05,26.6995,38573,generated,2026-05-31T00:00:00Z
BILL-2020-01-R-106,R-106,2020-01,255.8411,369614,generated,2020-01-31T00:00:00Z
BILL-2020-02-R-106,R-106,2020-02,243.0758,351172,generated,2020-02-29T00:00:00Z
BILL-2020-03-R-106,R-106,2020-03,214.9133,310485,generated,2020-03-31T00:00:00Z
BILL-2020-04-R-106,R-106,2020-04,208.1064,300651,generated,2020-04-30T00:00:00Z
BILL-2020-05-R-106,R-106,2020-05,211.5994,305698,generated,2020-05-31T00:00:00Z
BILL-2020-06-R-106,R-106,2020-06,264.1890,381674,generated,2020-06-30T00:00:00Z
BILL-2020-07-R-106,R-106,2020-07,278.5949,402486,generated,2020-07-31T00:00:00Z
BILL-2020-08-R-106,R-106,2020-08,269.1562,388850,generated,2020-08-31T00:00:00Z
BILL-2020-09-R-106,R-106,2020-09,260.7826,376753,generated,2020-09-30T00:00:00Z
BILL-2020-10-R-106,R-106,2020-10,220.7134,318865,generated,2020-10-31T00:00:00Z
BILL-2020-11-R-106,R-106,2020-11,209.6289,302851,generated,2020-11-30T00:00:00Z
BILL-2020-12-R-106,R-106,2020-12,251.9624,364010,generated,2020-12-31T00:00:00Z
BILL-2021-01-R-106,R-106,2021-01,262.9791,379926,generated,2021-01-31T00:00:00Z
BILL-2021-02-R-106,R-106,2021-02,232.2806,335576,generated,2021-02-28T00:00:00Z
BILL-2021-03-R-106,R-106,2021-03,210.6743,304361,generated,2021-03-31T00:00:00Z
BILL-2021-04-R-106,R-106,2021-04,206.4780,298299,generated,2021-04-30T00:00:00Z
BILL-2021-05-R-106,R-106,2021-05,209.6129,302828,generated,2021-05-31T00:00:00Z
BILL-2021-06-R-106,R-106,2021-06,264.3698,381935,generated,2021-06-30T00:00:00Z
BILL-2021-07-R-106,R-106,2021-07,283.6990,409860,generated,2021-07-31T00:00:00Z
BILL-2021-08-R-106,R-106,2021-08,275.4482,397940,generated,2021-08-31T00:00:00Z
BILL-2021-09-R-106,R-106,2021-09,264.8526,382633,generated,2021-09-30T00:00:00Z
BILL-2021-10-R-106,R-106,2021-10,210.3288,303862,generated,2021-10-31T00:00:00Z
BILL-2021-11-R-106,R-106,2021-11,205.6612,297119,generated,2021-11-30T00:00:00Z
BILL-2021-12-R-106,R-106,2021-12,260.2920,376044,generated,2021-12-31T00:00:00Z
BILL-2022-01-R-106,R-106,2022-01,262.0236,378545,generated,2022-01-31T00:00:00Z
BILL-2022-02-R-106,R-106,2022-02,229.9972,332277,generated,2022-02-28T00:00:00Z
BILL-2022-03-R-106,R-106,2022-03,220.6403,318759,generated,2022-03-31T00:00:00Z
BILL-2022-04-R-106,R-106,2022-04,210.8657,304638,generated,2022-04-30T00:00:00Z
BILL-2022-05-R-106,R-106,2022-05,212.5755,307108,generated,2022-05-31T00:00:00Z
BILL-2022-06-R-106,R-106,2022-06,266.0491,384361,generated,2022-06-30T00:00:00Z
BILL-2022-07-R-106,R-106,2022-07,268.3849,387736,generated,2022-07-31T00:00:00Z
BILL-2022-08-R-106,R-106,2022-08,267.0414,385795,generated,2022-08-31T00:00:00Z
BILL-2022-09-R-106,R-106,2022-09,261.3516,377575,generated,2022-09-30T00:00:00Z
BILL-2022-10-R-106,R-106,2022-10,217.3071,313944,generated,2022-10-31T00:00:00Z
BILL-2022-11-R-106,R-106,2022-11,209.7814,303071,generated,2022-11-30T00:00:00Z
BILL-2022-12-R-106,R-106,2022-12,255.3157,368855,generated,2022-12-31T00:00:00Z
BILL-2023-01-R-106,R-106,2023-01,263.6958,380961,generated,2023-01-31T00:00:00Z
BILL-2023-02-R-106,R-106,2023-02,232.3084,335616,generated,2023-02-28T00:00:00Z
BILL-2023-03-R-106,R-106,2023-03,218.5108,315683,generated,2023-03-31T00:00:00Z
BILL-2023-04-R-106,R-106,2023-04,207.9873,300479,generated,2023-04-30T00:00:00Z
BILL-2023-05-R-106,R-106,2023-05,212.9917,307709,generated,2023-05-31T00:00:00Z
BILL-2023-06-R-106,R-106,2023-06,259.8034,375338,generated,2023-06-30T00:00:00Z
BILL-2023-07-R-106,R-106,2023-07,275.1766,397548,generated,2023-07-31T00:00:00Z
BILL-2023-08-R-106,R-106,2023-08,263.5103,380693,generated,2023-08-31T00:00:00Z
BILL-2023-09-R-106,R-106,2023-09,261.9465,378434,generated,2023-09-30T00:00:00Z
BILL-2023-10-R-106,R-106,2023-10,209.2572,302314,generated,2023-10-31T00:00:00Z
BILL-2023-11-R-106,R-106,2023-11,211.3898,305395,generated,2023-11-30T00:00:00Z
BILL-2023-12-R-106,R-106,2023-12,258.3321,373212,generated,2023-12-31T00:00:00Z
BILL-2024-01-R-106,R-106,2024-01,254.0648,367047,generated,2024-01-31T00:00:00Z
BILL-2024-02-R-106,R-106,2024-02,244.6617,353463,generated,2024-02-29T00:00:00Z
BILL-2024-03-R-106,R-106,2024-03,215.5017,311335,generated,2024-03-31T00:00:00Z
BILL-2024-04-R-106,R-106,2024-04,207.1721,299302,generated,2024-04-30T00:00:00Z
BILL-2024-05-R-106,R-106,2024-05,217.6614,314455,generated,2024-05-31T00:00:00Z
BILL-2024-06-R-106,R-106,2024-06,261.1265,377249,generated,2024-06-30T00:00:00Z
BILL-2024-07-R-106,R-106,2024-07,265.7531,383934,generated,2024-07-31T00:00:00Z
BILL-2024-08-R-106,R-106,2024-08,277.4321,400806,generated,2024-08-31T00:00:00Z
BILL-2024-09-R-106,R-106,2024-09,264.7700,382513,generated,2024-09-30T00:00:00Z
BILL-2024-10-R-106,R-106,2024-10,210.7831,304518,generated,2024-10-31T00:00:00Z
BILL-2024-11-R-106,R-106,2024-11,205.8732,297425,generated,2024-11-30T00:00:00Z
BILL-2024-12-R-106,R-106,2024-12,260.0667,375718,generated,2024-12-31T00:00:00Z
BILL-2025-01-R-106,R-106,2025-01,256.8920,371132,generated,2025-01-31T00:00:00Z
BILL-2025-02-R-106,R-106,2025-02,232.9065,336480,generated,2025-02-28T00:00:00Z
BILL-2025-03-R-106,R-106,2025-03,215.5623,311423,generated,2025-03-31T00:00:00Z
BILL-2025-04-R-106,R-106,2025-04,209.2506,302304,generated,2025-04-30T00:00:00Z
BILL-2025-05-R-106,R-106,2025-05,211.4570,305492,generated,2025-05-31T00:00:00Z
BILL-2025-06-R-106,R-106,2025-06,259.1860,374446,generated,2025-06-30T00:00:00Z
BILL-2025-07-R-106,R-106,2025-07,276.5641,399552,generated,2025-07-31T00:00:00Z
BILL-2025-08-R-106,R-106,2025-08,272.9428,394320,generated,2025-08-31T00:00:00Z
BILL-2025-09-R-106,R-106,2025-09,258.2341,373071,generated,2025-09-30T00:00:00Z
BILL-2025-10-R-106,R-106,2025-10,211.2742,305228,generated,2025-10-31T00:00:00Z
BILL-2025-11-R-106,R-106,2025-11,209.3632,302467,generated,2025-11-30T00:00:00Z
BILL-2025-12-R-106,R-106,2025-12,264.1150,381567,generated,2025-12-31T00:00:00Z
BILL-2026-01-R-106,R-106,2026-01,264.9885,382829,generated,2026-01-31T00:00:00Z
BILL-2026-02-R-106,R-106,2026-02,230.6512,333222,generated,2026-02-28T00:00:00Z
BILL-2026-03-R-106,R-106,2026-03,212.0274,306316,generated,2026-03-31T00:00:00Z
BILL-2026-04-R-106,R-106,2026-04,206.3868,298167,generated,2026-04-30T00:00:00Z
BILL-2026-05-R-106,R-106,2026-05,26.2130,37870,generated,2026-05-31T00:00:00Z
BILL-2020-01-R-107,R-107,2020-01,455.9135,658658,generated,2020-01-31T00:00:00Z
BILL-2020-02-R-107,R-107,2020-02,420.9701,608176,generated,2020-02-29T00:00:00Z
BILL-2020-03-R-107,R-107,2020-03,371.0799,536099,generated,2020-03-31T00:00:00Z
BILL-2020-04-R-107,R-107,2020-04,360.9277,521432,generated,2020-04-30T00:00:00Z
BILL-2020-05-R-107,R-107,2020-05,370.4953,535255,generated,2020-05-31T00:00:00Z
BILL-2020-06-R-107,R-107,2020-06,460.8062,665727,generated,2020-06-30T00:00:00Z
BILL-2020-07-R-107,R-107,2020-07,459.8041,664279,generated,2020-07-31T00:00:00Z
BILL-2020-08-R-107,R-107,2020-08,472.1583,682127,generated,2020-08-31T00:00:00Z
BILL-2020-09-R-107,R-107,2020-09,451.1579,651788,generated,2020-09-30T00:00:00Z
BILL-2020-10-R-107,R-107,2020-10,369.7203,534135,generated,2020-10-31T00:00:00Z
BILL-2020-11-R-107,R-107,2020-11,360.5942,520950,generated,2020-11-30T00:00:00Z
BILL-2020-12-R-107,R-107,2020-12,444.5979,642311,generated,2020-12-31T00:00:00Z
BILL-2021-01-R-107,R-107,2021-01,464.1861,670610,generated,2021-01-31T00:00:00Z
BILL-2021-02-R-107,R-107,2021-02,409.7628,591984,generated,2021-02-28T00:00:00Z
BILL-2021-03-R-107,R-107,2021-03,368.7805,532777,generated,2021-03-31T00:00:00Z
BILL-2021-04-R-107,R-107,2021-04,364.8327,527074,generated,2021-04-30T00:00:00Z
BILL-2021-05-R-107,R-107,2021-05,373.0349,538924,generated,2021-05-31T00:00:00Z
BILL-2021-06-R-107,R-107,2021-06,455.8499,658566,generated,2021-06-30T00:00:00Z
BILL-2021-07-R-107,R-107,2021-07,474.4213,685396,generated,2021-07-31T00:00:00Z
BILL-2021-08-R-107,R-107,2021-08,466.6937,674232,generated,2021-08-31T00:00:00Z
BILL-2021-09-R-107,R-107,2021-09,451.7744,652678,generated,2021-09-30T00:00:00Z
BILL-2021-10-R-107,R-107,2021-10,375.4995,542484,generated,2021-10-31T00:00:00Z
BILL-2021-11-R-107,R-107,2021-11,371.4967,536701,generated,2021-11-30T00:00:00Z
BILL-2021-12-R-107,R-107,2021-12,449.9953,650108,generated,2021-12-31T00:00:00Z
BILL-2022-01-R-107,R-107,2022-01,453.8703,655706,generated,2022-01-31T00:00:00Z
BILL-2022-02-R-107,R-107,2022-02,404.1086,583816,generated,2022-02-28T00:00:00Z
BILL-2022-03-R-107,R-107,2022-03,372.6718,538399,generated,2022-03-31T00:00:00Z
BILL-2022-04-R-107,R-107,2022-04,362.2719,523374,generated,2022-04-30T00:00:00Z
BILL-2022-05-R-107,R-107,2022-05,382.6270,552781,generated,2022-05-31T00:00:00Z
BILL-2022-06-R-107,R-107,2022-06,462.3675,667982,generated,2022-06-30T00:00:00Z
BILL-2022-07-R-107,R-107,2022-07,472.4363,682529,generated,2022-07-31T00:00:00Z
BILL-2022-08-R-107,R-107,2022-08,476.7528,688765,generated,2022-08-31T00:00:00Z
BILL-2022-09-R-107,R-107,2022-09,450.4195,650721,generated,2022-09-30T00:00:00Z
BILL-2022-10-R-107,R-107,2022-10,379.8206,548727,generated,2022-10-31T00:00:00Z
BILL-2022-11-R-107,R-107,2022-11,361.1080,521693,generated,2022-11-30T00:00:00Z
BILL-2022-12-R-107,R-107,2022-12,453.4566,655109,generated,2022-12-31T00:00:00Z
BILL-2023-01-R-107,R-107,2023-01,449.1019,648818,generated,2023-01-31T00:00:00Z
BILL-2023-02-R-107,R-107,2023-02,404.7888,584798,generated,2023-02-28T00:00:00Z
BILL-2023-03-R-107,R-107,2023-03,367.8617,531450,generated,2023-03-31T00:00:00Z
BILL-2023-04-R-107,R-107,2023-04,368.7246,532696,generated,2023-04-30T00:00:00Z
BILL-2023-05-R-107,R-107,2023-05,368.5787,532486,generated,2023-05-31T00:00:00Z
BILL-2023-06-R-107,R-107,2023-06,457.1870,660498,generated,2023-06-30T00:00:00Z
BILL-2023-07-R-107,R-107,2023-07,465.5180,672534,generated,2023-07-31T00:00:00Z
BILL-2023-08-R-107,R-107,2023-08,471.0897,680583,generated,2023-08-31T00:00:00Z
BILL-2023-09-R-107,R-107,2023-09,449.9878,650097,generated,2023-09-30T00:00:00Z
BILL-2023-10-R-107,R-107,2023-10,379.5050,548271,generated,2023-10-31T00:00:00Z
BILL-2023-11-R-107,R-107,2023-11,356.8260,515507,generated,2023-11-30T00:00:00Z
BILL-2023-12-R-107,R-107,2023-12,452.9684,654403,generated,2023-12-31T00:00:00Z
BILL-2024-01-R-107,R-107,2024-01,441.3765,637657,generated,2024-01-31T00:00:00Z
BILL-2024-02-R-107,R-107,2024-02,425.8130,615172,generated,2024-02-29T00:00:00Z
BILL-2024-03-R-107,R-107,2024-03,381.9286,551772,generated,2024-03-31T00:00:00Z
BILL-2024-04-R-107,R-107,2024-04,359.7421,519719,generated,2024-04-30T00:00:00Z
BILL-2024-05-R-107,R-107,2024-05,368.3181,532109,generated,2024-05-31T00:00:00Z
BILL-2024-06-R-107,R-107,2024-06,454.0197,655922,generated,2024-06-30T00:00:00Z
BILL-2024-07-R-107,R-107,2024-07,477.7499,690205,generated,2024-07-31T00:00:00Z
BILL-2024-08-R-107,R-107,2024-08,479.8388,693223,generated,2024-08-31T00:00:00Z
BILL-2024-09-R-107,R-107,2024-09,446.5580,645142,generated,2024-09-30T00:00:00Z
BILL-2024-10-R-107,R-107,2024-10,368.4463,532294,generated,2024-10-31T00:00:00Z
BILL-2024-11-R-107,R-107,2024-11,363.1323,524617,generated,2024-11-30T00:00:00Z
BILL-2024-12-R-107,R-107,2024-12,456.5208,659536,generated,2024-12-31T00:00:00Z
BILL-2025-01-R-107,R-107,2025-01,439.0247,634259,generated,2025-01-31T00:00:00Z
BILL-2025-02-R-107,R-107,2025-02,411.1431,593978,generated,2025-02-28T00:00:00Z
BILL-2025-03-R-107,R-107,2025-03,378.6393,547020,generated,2025-03-31T00:00:00Z
BILL-2025-04-R-107,R-107,2025-04,353.4079,510568,generated,2025-04-30T00:00:00Z
BILL-2025-05-R-107,R-107,2025-05,381.2178,550745,generated,2025-05-31T00:00:00Z
BILL-2025-06-R-107,R-107,2025-06,454.5897,656746,generated,2025-06-30T00:00:00Z
BILL-2025-07-R-107,R-107,2025-07,469.0600,677651,generated,2025-07-31T00:00:00Z
BILL-2025-08-R-107,R-107,2025-08,467.9483,676045,generated,2025-08-31T00:00:00Z
BILL-2025-09-R-107,R-107,2025-09,450.8241,651306,generated,2025-09-30T00:00:00Z
BILL-2025-10-R-107,R-107,2025-10,367.2794,530609,generated,2025-10-31T00:00:00Z
BILL-2025-11-R-107,R-107,2025-11,367.7178,531242,generated,2025-11-30T00:00:00Z
BILL-2025-12-R-107,R-107,2025-12,451.7842,652693,generated,2025-12-31T00:00:00Z
BILL-2026-01-R-107,R-107,2026-01,448.9547,648605,generated,2026-01-31T00:00:00Z
BILL-2026-02-R-107,R-107,2026-02,393.4107,568360,generated,2026-02-28T00:00:00Z
BILL-2026-03-R-107,R-107,2026-03,380.1361,549183,generated,2026-03-31T00:00:00Z
BILL-2026-04-R-107,R-107,2026-04,361.1389,521737,generated,2026-04-30T00:00:00Z
BILL-2026-05-R-107,R-107,2026-05,42.5915,61532,generated,2026-05-31T00:00:00Z
BILL-2020-01-R-108,R-108,2020-01,243.5865,351909,generated,2020-01-31T00:00:00Z
BILL-2020-02-R-108,R-108,2020-02,224.3286,324088,generated,2020-02-29T00:00:00Z
BILL-2020-03-R-108,R-108,2020-03,194.8963,281567,generated,2020-03-31T00:00:00Z
BILL-2020-04-R-108,R-108,2020-04,191.2814,276344,generated,2020-04-30T00:00:00Z
BILL-2020-05-R-108,R-108,2020-05,200.9632,290332,generated,2020-05-31T00:00:00Z
BILL-2020-06-R-108,R-108,2020-06,240.4066,347315,generated,2020-06-30T00:00:00Z
BILL-2020-07-R-108,R-108,2020-07,249.2356,360071,generated,2020-07-31T00:00:00Z
BILL-2020-08-R-108,R-108,2020-08,245.4965,354669,generated,2020-08-31T00:00:00Z
BILL-2020-09-R-108,R-108,2020-09,240.0296,346771,generated,2020-09-30T00:00:00Z
BILL-2020-10-R-108,R-108,2020-10,201.1899,290659,generated,2020-10-31T00:00:00Z
BILL-2020-11-R-108,R-108,2020-11,191.7073,276960,generated,2020-11-30T00:00:00Z
BILL-2020-12-R-108,R-108,2020-12,238.0581,343923,generated,2020-12-31T00:00:00Z
BILL-2021-01-R-108,R-108,2021-01,244.5520,353304,generated,2021-01-31T00:00:00Z
BILL-2021-02-R-108,R-108,2021-02,213.9622,309111,generated,2021-02-28T00:00:00Z
BILL-2021-03-R-108,R-108,2021-03,196.8283,284358,generated,2021-03-31T00:00:00Z
BILL-2021-04-R-108,R-108,2021-04,184.8435,267043,generated,2021-04-30T00:00:00Z
BILL-2021-05-R-108,R-108,2021-05,201.4560,291043,generated,2021-05-31T00:00:00Z
BILL-2021-06-R-108,R-108,2021-06,241.4703,348852,generated,2021-06-30T00:00:00Z
BILL-2021-07-R-108,R-108,2021-07,250.9910,362607,generated,2021-07-31T00:00:00Z
BILL-2021-08-R-108,R-108,2021-08,246.0972,355537,generated,2021-08-31T00:00:00Z
BILL-2021-09-R-108,R-108,2021-09,240.4568,347388,generated,2021-09-30T00:00:00Z
BILL-2021-10-R-108,R-108,2021-10,193.9949,280264,generated,2021-10-31T00:00:00Z
BILL-2021-11-R-108,R-108,2021-11,193.4151,279427,generated,2021-11-30T00:00:00Z
BILL-2021-12-R-108,R-108,2021-12,243.2863,351476,generated,2021-12-31T00:00:00Z
BILL-2022-01-R-108,R-108,2022-01,235.5028,340231,generated,2022-01-31T00:00:00Z
BILL-2022-02-R-108,R-108,2022-02,223.7323,323226,generated,2022-02-28T00:00:00Z
BILL-2022-03-R-108,R-108,2022-03,193.2946,279253,generated,2022-03-31T00:00:00Z
BILL-2022-04-R-108,R-108,2022-04,192.2915,277804,generated,2022-04-30T00:00:00Z
BILL-2022-05-R-108,R-108,2022-05,197.3461,285106,generated,2022-05-31T00:00:00Z
BILL-2022-06-R-108,R-108,2022-06,238.4943,344553,generated,2022-06-30T00:00:00Z
BILL-2022-07-R-108,R-108,2022-07,253.7192,366548,generated,2022-07-31T00:00:00Z
BILL-2022-08-R-108,R-108,2022-08,247.3988,357417,generated,2022-08-31T00:00:00Z
BILL-2022-09-R-108,R-108,2022-09,241.5145,348916,generated,2022-09-30T00:00:00Z
BILL-2022-10-R-108,R-108,2022-10,194.8994,281571,generated,2022-10-31T00:00:00Z
BILL-2022-11-R-108,R-108,2022-11,190.0466,274560,generated,2022-11-30T00:00:00Z
BILL-2022-12-R-108,R-108,2022-12,237.2429,342745,generated,2022-12-31T00:00:00Z
BILL-2023-01-R-108,R-108,2023-01,237.3345,342877,generated,2023-01-31T00:00:00Z
BILL-2023-02-R-108,R-108,2023-02,214.2202,309484,generated,2023-02-28T00:00:00Z
BILL-2023-03-R-108,R-108,2023-03,198.6135,286937,generated,2023-03-31T00:00:00Z
BILL-2023-04-R-108,R-108,2023-04,196.2327,283497,generated,2023-04-30T00:00:00Z
BILL-2023-05-R-108,R-108,2023-05,201.1876,290656,generated,2023-05-31T00:00:00Z
BILL-2023-06-R-108,R-108,2023-06,236.9221,342281,generated,2023-06-30T00:00:00Z
BILL-2023-07-R-108,R-108,2023-07,248.5123,359026,generated,2023-07-31T00:00:00Z
BILL-2023-08-R-108,R-108,2023-08,249.0245,359766,generated,2023-08-31T00:00:00Z
BILL-2023-09-R-108,R-108,2023-09,236.9999,342394,generated,2023-09-30T00:00:00Z
BILL-2023-10-R-108,R-108,2023-10,198.6307,286962,generated,2023-10-31T00:00:00Z
BILL-2023-11-R-108,R-108,2023-11,188.7596,272701,generated,2023-11-30T00:00:00Z
BILL-2023-12-R-108,R-108,2023-12,238.1318,344029,generated,2023-12-31T00:00:00Z
BILL-2024-01-R-108,R-108,2024-01,239.0962,345422,generated,2024-01-31T00:00:00Z
BILL-2024-02-R-108,R-108,2024-02,218.8209,316131,generated,2024-02-29T00:00:00Z
BILL-2024-03-R-108,R-108,2024-03,200.2436,289292,generated,2024-03-31T00:00:00Z
BILL-2024-04-R-108,R-108,2024-04,192.4880,278087,generated,2024-04-30T00:00:00Z
BILL-2024-05-R-108,R-108,2024-05,193.9350,280178,generated,2024-05-31T00:00:00Z
BILL-2024-06-R-108,R-108,2024-06,239.3666,345813,generated,2024-06-30T00:00:00Z
BILL-2024-07-R-108,R-108,2024-07,251.2658,363004,generated,2024-07-31T00:00:00Z
BILL-2024-08-R-108,R-108,2024-08,250.0555,361255,generated,2024-08-31T00:00:00Z
BILL-2024-09-R-108,R-108,2024-09,240.7633,347831,generated,2024-09-30T00:00:00Z
BILL-2024-10-R-108,R-108,2024-10,195.3269,282189,generated,2024-10-31T00:00:00Z
BILL-2024-11-R-108,R-108,2024-11,189.8068,274214,generated,2024-11-30T00:00:00Z
BILL-2024-12-R-108,R-108,2024-12,239.8821,346558,generated,2024-12-31T00:00:00Z
BILL-2025-01-R-108,R-108,2025-01,241.3579,348690,generated,2025-01-31T00:00:00Z
BILL-2025-02-R-108,R-108,2025-02,214.3663,309695,generated,2025-02-28T00:00:00Z
BILL-2025-03-R-108,R-108,2025-03,199.6417,288422,generated,2025-03-31T00:00:00Z
BILL-2025-04-R-108,R-108,2025-04,190.4346,275121,generated,2025-04-30T00:00:00Z
BILL-2025-05-R-108,R-108,2025-05,195.2833,282126,generated,2025-05-31T00:00:00Z
BILL-2025-06-R-108,R-108,2025-06,243.8562,352299,generated,2025-06-30T00:00:00Z
BILL-2025-07-R-108,R-108,2025-07,245.2513,354315,generated,2025-07-31T00:00:00Z
BILL-2025-08-R-108,R-108,2025-08,251.2514,362983,generated,2025-08-31T00:00:00Z
BILL-2025-09-R-108,R-108,2025-09,235.6435,340434,generated,2025-09-30T00:00:00Z
BILL-2025-10-R-108,R-108,2025-10,192.3430,277878,generated,2025-10-31T00:00:00Z
BILL-2025-11-R-108,R-108,2025-11,194.7609,281371,generated,2025-11-30T00:00:00Z
BILL-2025-12-R-108,R-108,2025-12,232.6948,336174,generated,2025-12-31T00:00:00Z
BILL-2026-01-R-108,R-108,2026-01,237.8437,343613,generated,2026-01-31T00:00:00Z
BILL-2026-02-R-108,R-108,2026-02,222.8116,321896,generated,2026-02-28T00:00:00Z
BILL-2026-03-R-108,R-108,2026-03,195.2639,282098,generated,2026-03-31T00:00:00Z
BILL-2026-04-R-108,R-108,2026-04,188.7666,272711,generated,2026-04-30T00:00:00Z
BILL-2026-05-R-108,R-108,2026-05,21.9760,31749,generated,2026-05-31T00:00:00Z
BILL-2020-01-R-109,R-109,2020-01,319.5377,461636,generated,2020-01-31T00:00:00Z
BILL-2020-02-R-109,R-109,2020-02,297.0055,429084,generated,2020-02-29T00:00:00Z
BILL-2020-03-R-109,R-109,2020-03,261.7992,378221,generated,2020-03-31T00:00:00Z
BILL-2020-04-R-109,R-109,2020-04,253.8716,366768,generated,2020-04-30T00:00:00Z
BILL-2020-05-R-109,R-109,2020-05,259.9829,375597,generated,2020-05-31T00:00:00Z
BILL-2020-06-R-109,R-109,2020-06,309.7266,447462,generated,2020-06-30T00:00:00Z
BILL-2020-07-R-109,R-109,2020-07,331.1601,478427,generated,2020-07-31T00:00:00Z
BILL-2020-08-R-109,R-109,2020-08,336.1043,485570,generated,2020-08-31T00:00:00Z
BILL-2020-09-R-109,R-109,2020-09,319.7962,462010,generated,2020-09-30T00:00:00Z
BILL-2020-10-R-109,R-109,2020-10,263.1391,380157,generated,2020-10-31T00:00:00Z
BILL-2020-11-R-109,R-109,2020-11,259.7365,375241,generated,2020-11-30T00:00:00Z
BILL-2020-12-R-109,R-109,2020-12,316.1385,456725,generated,2020-12-31T00:00:00Z
BILL-2021-01-R-109,R-109,2021-01,334.9408,483889,generated,2021-01-31T00:00:00Z
BILL-2021-02-R-109,R-109,2021-02,280.0061,404525,generated,2021-02-28T00:00:00Z
BILL-2021-03-R-109,R-109,2021-03,257.3592,371807,generated,2021-03-31T00:00:00Z
BILL-2021-04-R-109,R-109,2021-04,259.8604,375420,generated,2021-04-30T00:00:00Z
BILL-2021-05-R-109,R-109,2021-05,272.9466,394326,generated,2021-05-31T00:00:00Z
BILL-2021-06-R-109,R-109,2021-06,322.3891,465756,generated,2021-06-30T00:00:00Z
BILL-2021-07-R-109,R-109,2021-07,332.5115,480379,generated,2021-07-31T00:00:00Z
BILL-2021-08-R-109,R-109,2021-08,330.1439,476959,generated,2021-08-31T00:00:00Z
BILL-2021-09-R-109,R-109,2021-09,321.3636,464274,generated,2021-09-30T00:00:00Z
BILL-2021-10-R-109,R-109,2021-10,263.1282,380141,generated,2021-10-31T00:00:00Z
BILL-2021-11-R-109,R-109,2021-11,250.8027,362335,generated,2021-11-30T00:00:00Z
BILL-2021-12-R-109,R-109,2021-12,322.2150,465504,generated,2021-12-31T00:00:00Z
BILL-2022-01-R-109,R-109,2022-01,318.0669,459511,generated,2022-01-31T00:00:00Z
BILL-2022-02-R-109,R-109,2022-02,291.2122,420714,generated,2022-02-28T00:00:00Z
BILL-2022-03-R-109,R-109,2022-03,261.9417,378427,generated,2022-03-31T00:00:00Z
BILL-2022-04-R-109,R-109,2022-04,250.9766,362586,generated,2022-04-30T00:00:00Z
BILL-2022-05-R-109,R-109,2022-05,263.9697,381357,generated,2022-05-31T00:00:00Z
BILL-2022-06-R-109,R-109,2022-06,314.9840,455057,generated,2022-06-30T00:00:00Z
BILL-2022-07-R-109,R-109,2022-07,328.1118,474023,generated,2022-07-31T00:00:00Z
BILL-2022-08-R-109,R-109,2022-08,324.7386,469150,generated,2022-08-31T00:00:00Z
BILL-2022-09-R-109,R-109,2022-09,321.4292,464369,generated,2022-09-30T00:00:00Z
BILL-2022-10-R-109,R-109,2022-10,261.2403,377414,generated,2022-10-31T00:00:00Z
BILL-2022-11-R-109,R-109,2022-11,258.6602,373686,generated,2022-11-30T00:00:00Z
BILL-2022-12-R-109,R-109,2022-12,314.4407,454272,generated,2022-12-31T00:00:00Z
BILL-2023-01-R-109,R-109,2023-01,316.3476,457027,generated,2023-01-31T00:00:00Z
BILL-2023-02-R-109,R-109,2023-02,283.8031,410010,generated,2023-02-28T00:00:00Z
BILL-2023-03-R-109,R-109,2023-03,266.6371,385211,generated,2023-03-31T00:00:00Z
BILL-2023-04-R-109,R-109,2023-04,249.7229,360775,generated,2023-04-30T00:00:00Z
BILL-2023-05-R-109,R-109,2023-05,265.7743,383964,generated,2023-05-31T00:00:00Z
BILL-2023-06-R-109,R-109,2023-06,317.8668,459222,generated,2023-06-30T00:00:00Z
BILL-2023-07-R-109,R-109,2023-07,333.9286,482427,generated,2023-07-31T00:00:00Z
BILL-2023-08-R-109,R-109,2023-08,338.3777,488854,generated,2023-08-31T00:00:00Z
BILL-2023-09-R-109,R-109,2023-09,317.6796,458952,generated,2023-09-30T00:00:00Z
BILL-2023-10-R-109,R-109,2023-10,259.9595,375563,generated,2023-10-31T00:00:00Z
BILL-2023-11-R-109,R-109,2023-11,256.2973,370273,generated,2023-11-30T00:00:00Z
BILL-2023-12-R-109,R-109,2023-12,315.0874,455207,generated,2023-12-31T00:00:00Z
BILL-2024-01-R-109,R-109,2024-01,316.1670,456766,generated,2024-01-31T00:00:00Z
BILL-2024-02-R-109,R-109,2024-02,299.6174,432857,generated,2024-02-29T00:00:00Z
BILL-2024-03-R-109,R-109,2024-03,260.1543,375845,generated,2024-03-31T00:00:00Z
BILL-2024-04-R-109,R-109,2024-04,255.3401,368890,generated,2024-04-30T00:00:00Z
BILL-2024-05-R-109,R-109,2024-05,262.1777,378768,generated,2024-05-31T00:00:00Z
BILL-2024-06-R-109,R-109,2024-06,331.4675,478871,generated,2024-06-30T00:00:00Z
BILL-2024-07-R-109,R-109,2024-07,326.1386,471172,generated,2024-07-31T00:00:00Z
BILL-2024-08-R-109,R-109,2024-08,331.5460,478985,generated,2024-08-31T00:00:00Z
BILL-2024-09-R-109,R-109,2024-09,325.8062,470692,generated,2024-09-30T00:00:00Z
BILL-2024-10-R-109,R-109,2024-10,264.3277,381874,generated,2024-10-31T00:00:00Z
BILL-2024-11-R-109,R-109,2024-11,253.6602,366463,generated,2024-11-30T00:00:00Z
BILL-2024-12-R-109,R-109,2024-12,321.8764,465015,generated,2024-12-31T00:00:00Z
BILL-2025-01-R-109,R-109,2025-01,307.4729,444206,generated,2025-01-31T00:00:00Z
BILL-2025-02-R-109,R-109,2025-02,289.8155,418696,generated,2025-02-28T00:00:00Z
BILL-2025-03-R-109,R-109,2025-03,268.9478,388549,generated,2025-03-31T00:00:00Z
BILL-2025-04-R-109,R-109,2025-04,248.6776,359265,generated,2025-04-30T00:00:00Z
BILL-2025-05-R-109,R-109,2025-05,259.0413,374237,generated,2025-05-31T00:00:00Z
BILL-2025-06-R-109,R-109,2025-06,333.6285,481993,generated,2025-06-30T00:00:00Z
BILL-2025-07-R-109,R-109,2025-07,326.4321,471596,generated,2025-07-31T00:00:00Z
BILL-2025-08-R-109,R-109,2025-08,333.4429,481725,generated,2025-08-31T00:00:00Z
BILL-2025-09-R-109,R-109,2025-09,319.2086,461161,generated,2025-09-30T00:00:00Z
BILL-2025-10-R-109,R-109,2025-10,258.8791,374003,generated,2025-10-31T00:00:00Z
BILL-2025-11-R-109,R-109,2025-11,253.3942,366079,generated,2025-11-30T00:00:00Z
BILL-2025-12-R-109,R-109,2025-12,313.9248,453527,generated,2025-12-31T00:00:00Z
BILL-2026-01-R-109,R-109,2026-01,318.4857,460116,generated,2026-01-31T00:00:00Z
BILL-2026-02-R-109,R-109,2026-02,284.6386,411217,generated,2026-02-28T00:00:00Z
BILL-2026-03-R-109,R-109,2026-03,262.2835,378921,generated,2026-03-31T00:00:00Z
BILL-2026-04-R-109,R-109,2026-04,253.8950,366802,generated,2026-04-30T00:00:00Z
BILL-2026-05-R-109,R-109,2026-05,28.9882,41879,generated,2026-05-31T00:00:00Z
BILL-2020-01-R-110,R-110,2020-01,261.9895,378496,generated,2020-01-31T00:00:00Z
BILL-2020-02-R-110,R-110,2020-02,250.0192,361203,generated,2020-02-29T00:00:00Z
BILL-2020-03-R-110,R-110,2020-03,223.0641,322261,generated,2020-03-31T00:00:00Z
BILL-2020-04-R-110,R-110,2020-04,209.1032,302091,generated,2020-04-30T00:00:00Z
BILL-2020-05-R-110,R-110,2020-05,220.4841,318533,generated,2020-05-31T00:00:00Z
BILL-2020-06-R-110,R-110,2020-06,270.5369,390845,generated,2020-06-30T00:00:00Z
BILL-2020-07-R-110,R-110,2020-07,281.0775,406073,generated,2020-07-31T00:00:00Z
BILL-2020-08-R-110,R-110,2020-08,285.4359,412369,generated,2020-08-31T00:00:00Z
BILL-2020-09-R-110,R-110,2020-09,267.6762,386712,generated,2020-09-30T00:00:00Z
BILL-2020-10-R-110,R-110,2020-10,219.7426,317462,generated,2020-10-31T00:00:00Z
BILL-2020-11-R-110,R-110,2020-11,218.0253,314981,generated,2020-11-30T00:00:00Z
BILL-2020-12-R-110,R-110,2020-12,262.6666,379474,generated,2020-12-31T00:00:00Z
BILL-2021-01-R-110,R-110,2021-01,264.9064,382710,generated,2021-01-31T00:00:00Z
BILL-2021-02-R-110,R-110,2021-02,241.7070,349194,generated,2021-02-28T00:00:00Z
BILL-2021-03-R-110,R-110,2021-03,217.9776,314912,generated,2021-03-31T00:00:00Z
BILL-2021-04-R-110,R-110,2021-04,207.9602,300440,generated,2021-04-30T00:00:00Z
BILL-2021-05-R-110,R-110,2021-05,225.9308,326402,generated,2021-05-31T00:00:00Z
BILL-2021-06-R-110,R-110,2021-06,265.6997,383856,generated,2021-06-30T00:00:00Z
BILL-2021-07-R-110,R-110,2021-07,271.0596,391600,generated,2021-07-31T00:00:00Z
BILL-2021-08-R-110,R-110,2021-08,273.2820,394811,generated,2021-08-31T00:00:00Z
BILL-2021-09-R-110,R-110,2021-09,263.7317,381013,generated,2021-09-30T00:00:00Z
BILL-2021-10-R-110,R-110,2021-10,224.9914,325045,generated,2021-10-31T00:00:00Z
BILL-2021-11-R-110,R-110,2021-11,212.8680,307530,generated,2021-11-30T00:00:00Z
BILL-2021-12-R-110,R-110,2021-12,279.5790,403908,generated,2021-12-31T00:00:00Z
BILL-2022-01-R-110,R-110,2022-01,272.6286,393867,generated,2022-01-31T00:00:00Z
BILL-2022-02-R-110,R-110,2022-02,246.8983,356694,generated,2022-02-28T00:00:00Z
BILL-2022-03-R-110,R-110,2022-03,225.1095,325216,generated,2022-03-31T00:00:00Z
BILL-2022-04-R-110,R-110,2022-04,210.7421,304459,generated,2022-04-30T00:00:00Z
BILL-2022-05-R-110,R-110,2022-05,223.2821,322576,generated,2022-05-31T00:00:00Z
BILL-2022-06-R-110,R-110,2022-06,275.8382,398503,generated,2022-06-30T00:00:00Z
BILL-2022-07-R-110,R-110,2022-07,286.2912,413605,generated,2022-07-31T00:00:00Z
BILL-2022-08-R-110,R-110,2022-08,283.5911,409704,generated,2022-08-31T00:00:00Z
BILL-2022-09-R-110,R-110,2022-09,267.0333,385783,generated,2022-09-30T00:00:00Z
BILL-2022-10-R-110,R-110,2022-10,220.5676,318654,generated,2022-10-31T00:00:00Z
BILL-2022-11-R-110,R-110,2022-11,214.0434,309228,generated,2022-11-30T00:00:00Z
BILL-2022-12-R-110,R-110,2022-12,263.7230,381001,generated,2022-12-31T00:00:00Z
BILL-2023-01-R-110,R-110,2023-01,269.8816,389898,generated,2023-01-31T00:00:00Z
BILL-2023-02-R-110,R-110,2023-02,235.5594,340313,generated,2023-02-28T00:00:00Z
BILL-2023-03-R-110,R-110,2023-03,219.8432,317607,generated,2023-03-31T00:00:00Z
BILL-2023-04-R-110,R-110,2023-04,211.0015,304834,generated,2023-04-30T00:00:00Z
BILL-2023-05-R-110,R-110,2023-05,216.3784,312602,generated,2023-05-31T00:00:00Z
BILL-2023-06-R-110,R-110,2023-06,267.9979,387177,generated,2023-06-30T00:00:00Z
BILL-2023-07-R-110,R-110,2023-07,281.5555,406763,generated,2023-07-31T00:00:00Z
BILL-2023-08-R-110,R-110,2023-08,271.7552,392605,generated,2023-08-31T00:00:00Z
BILL-2023-09-R-110,R-110,2023-09,265.1622,383080,generated,2023-09-30T00:00:00Z
BILL-2023-10-R-110,R-110,2023-10,222.8005,321880,generated,2023-10-31T00:00:00Z
BILL-2023-11-R-110,R-110,2023-11,214.1491,309381,generated,2023-11-30T00:00:00Z
BILL-2023-12-R-110,R-110,2023-12,267.5176,386483,generated,2023-12-31T00:00:00Z
BILL-2024-01-R-110,R-110,2024-01,267.1646,385973,generated,2024-01-31T00:00:00Z
BILL-2024-02-R-110,R-110,2024-02,247.7855,357976,generated,2024-02-29T00:00:00Z
BILL-2024-03-R-110,R-110,2024-03,222.1272,320907,generated,2024-03-31T00:00:00Z
BILL-2024-04-R-110,R-110,2024-04,211.0005,304832,generated,2024-04-30T00:00:00Z
BILL-2024-05-R-110,R-110,2024-05,213.7718,308836,generated,2024-05-31T00:00:00Z
BILL-2024-06-R-110,R-110,2024-06,268.5662,387998,generated,2024-06-30T00:00:00Z
BILL-2024-07-R-110,R-110,2024-07,278.0588,401712,generated,2024-07-31T00:00:00Z
BILL-2024-08-R-110,R-110,2024-08,278.0237,401661,generated,2024-08-31T00:00:00Z
BILL-2024-09-R-110,R-110,2024-09,264.7216,382443,generated,2024-09-30T00:00:00Z
BILL-2024-10-R-110,R-110,2024-10,219.4003,316968,generated,2024-10-31T00:00:00Z
BILL-2024-11-R-110,R-110,2024-11,217.5401,314280,generated,2024-11-30T00:00:00Z
BILL-2024-12-R-110,R-110,2024-12,269.6241,389526,generated,2024-12-31T00:00:00Z
BILL-2025-01-R-110,R-110,2025-01,268.6581,388130,generated,2025-01-31T00:00:00Z
BILL-2025-02-R-110,R-110,2025-02,242.7132,350648,generated,2025-02-28T00:00:00Z
BILL-2025-03-R-110,R-110,2025-03,219.3602,316910,generated,2025-03-31T00:00:00Z
BILL-2025-04-R-110,R-110,2025-04,212.5420,307059,generated,2025-04-30T00:00:00Z
BILL-2025-05-R-110,R-110,2025-05,225.4063,325644,generated,2025-05-31T00:00:00Z
BILL-2025-06-R-110,R-110,2025-06,274.0350,395898,generated,2025-06-30T00:00:00Z
BILL-2025-07-R-110,R-110,2025-07,279.0188,403098,generated,2025-07-31T00:00:00Z
BILL-2025-08-R-110,R-110,2025-08,280.4903,405224,generated,2025-08-31T00:00:00Z
BILL-2025-09-R-110,R-110,2025-09,268.4000,387757,generated,2025-09-30T00:00:00Z
BILL-2025-10-R-110,R-110,2025-10,224.8114,324785,generated,2025-10-31T00:00:00Z
BILL-2025-11-R-110,R-110,2025-11,216.1402,312258,generated,2025-11-30T00:00:00Z
BILL-2025-12-R-110,R-110,2025-12,269.4856,389326,generated,2025-12-31T00:00:00Z
BILL-2026-01-R-110,R-110,2026-01,266.5705,385114,generated,2026-01-31T00:00:00Z
BILL-2026-02-R-110,R-110,2026-02,238.2115,344144,generated,2026-02-28T00:00:00Z
BILL-2026-03-R-110,R-110,2026-03,218.8424,316162,generated,2026-03-31T00:00:00Z
BILL-2026-04-R-110,R-110,2026-04,210.1775,303643,generated,2026-04-30T00:00:00Z
BILL-2026-05-R-110,R-110,2026-05,25.8715,37377,generated,2026-05-31T00:00:00Z
